{
    "name": "Antares Project API Docs",
    "version": "0.9.0",
    "description": "Create management system for your employees, your customers and for yourself. Experience a completely new way of building standalone and SaaS applications. Go for Antares to automate your business and keep control of your assets.",
    "header": {
        "title": "Antares Project API Docs",
        "filename": "public/apidocs/partials/header.md"
    },
    "footer": {
        "title": "Antares Project API Docs",
        "filename": "public/apidocs/partials/footer.md"
    },
    "order": [
        "Index",
        "Create",
        "Update",
        "Show",
        "Delete"
    ]
}